<?xml version="1.0" encoding="UTF-8"?>
<project-private xmlns="http://www.netbeans.org/ns/project-private/1">
    <editor-bookmarks xmlns="http://www.netbeans.org/ns/editor-bookmarks/2" lastBookmarkId="0"/>
    <open-files xmlns="http://www.netbeans.org/ns/projectui-open-files/2">
        <group>
            <file>file:/C:/Users/annja/OneDrive/Documents/NetBeansProjects/NewStorven/src/src/AdminView.java</file>
            <file>file:/C:/Users/annja/OneDrive/Documents/NetBeansProjects/NewStorven/src/src/UserView.java</file>
            <file>file:/C:/Users/annja/OneDrive/Documents/NetBeansProjects/NewStorven/src/src/LoginPage.java</file>
            <file>file:/C:/Users/annja/OneDrive/Documents/NetBeansProjects/NewStorven/src/src/RegistrationPage.java</file>
            <file>file:/C:/Users/annja/OneDrive/Documents/NetBeansProjects/NewStorven/src/src/InventoryAddProduct.java</file>
        </group>
    </open-files>
</project-private>
